Workbook

Sheet RANKING
A2: RESUMEN | D2: 2 | E2: TORNEO MUNICIPAL DE BILLAR A 3 BANDAS
L4: i n c r e m e n t o
A5: CLACIFICATORIO AL TORNEO INTERNACIONAL FERIA DE LAS FLORES EN MEDELLIN DEL 03 AL 09 DE AGOSTO 2025 | L5: 0 | N5: 0.3 | P5: 0.5
L6: 44368 | N6: 41091 | P6: 46204
C8: NOMBRE Y APELLIDO | D8: CLUB O CIUDAD | E8: PUNTOS | F8: S.G. | G8: S.P | H8: CAR | I8: ENT | J8: PROMEDIO | L8: puntos ranking | R8: total
A9: PODIO | B9: 1 | C9: JORGE CUMBAL | D9: TEAM GUANCHA | E9: 12 | F9: 12 | G9: -1 | H9: =20+20+25+20+18+20 -> 123 | I9: =6+7+11+11+34+19+22+18 -> 128 | J9: =H9/I9 -> 0.9609375 | L9: 90 | M9: =L9*30% -> 27 | N9: =M9+L9 -> 117 | O9: =L9*50% -> 45 | P9: =O9+L9 -> 135 | R9: =L9 -> 90
A10: PODIO | B10: =B9+1 -> 2 | C10: CRISTIAN GUANCHA | D10: TEAM GUANCHA | E10: 10 | F10: 10 | G10: -2 | H10: =6+10+9+8+17+17+24+10 -> 101 | I10: =26+13+10+20+23+24+17 -> 133 | J10: =H10/I10 -> 0.7593985 | L10: 48 | M10: =L10*30% -> 14.4 | N10: =M10+L10 -> 62.4 | O10: =L10*50% -> 24 | P10: =O10+L10 -> 72 | R10: =L10 -> 48 | U10: 16 | W10: 8 | Y10: 4 | AA10: 2
A11: PODIO | B11: =B10+1 -> 3 | C11: EDGAR PAZMIÑO | D11: CLUB ROMA | E11: 10 | F11: 10 | G11: -4 | H11: =16+19+26+19+6+26 -> 112 | I11: =39+9+38+22+23+38 -> 169 | J11: =H11/I11 -> 0.66272189 | L11: 30 | M11: =L11*30% -> 9 | N11: =M11+L11 -> 39 | O11: =L11*50% -> 15 | P11: =O11+L11 -> 45 | R11: =L11 -> 30 | U11: FINALISTAS | V11: PTS | W11: FINALISTAS | X11: PTS | Y11: FINALISTAS | Z11: PTS | AA11: FINALISTAS | AB11: PTS
B12: =B11+1 -> 4 | C12: JORGE HERNANDEZ | D12: CLUB ROMA | E12: 6 | F12: =3+4 -> 7 | G12: -8 | H12: =4+27+25+21+8+8 -> 93 | I12: =38+12+22+39+21+26 -> 158 | J12: =H12/I12 -> 0.58860759 | L12: 24 | M12: =L12*30% -> 7.2 | N12: =M12+L12 -> 31.2 | O12: =L12*50% -> 12 | P12: =O12+L12 -> 36 | R12: =L12 -> 24 | T12: 1 | U12: =C9 -> JORGE CUMBAL | V12: 2 | W12: =IF(V12>V13,U12,U13) -> JORGE CUMBAL | X12: 2 | Y12: =IF(X12>X15,W12,W15) -> JORGE CUMBAL | Z12: 2 | AA12: =IF(Z12>Z18,Y12,Y18) -> JORGE CUMBAL | AB12: 2
B13: =B12+1 -> 5 | C13: EDWIN LOPEZ | D13: TEAM GUANCHA | E13: =4+2 -> 6 | F13: =4+2+1 -> 7 | G13: -2 | H13: =13+13+15+18 -> 59 | I13: =26+26+39+26 -> 117 | J13: =H13/I13 -> 0.5042735 | L13: 12 | M13: =L13*30% -> 3.6 | N13: =M13+L13 -> 15.6 | O13: =L13*50% -> 6 | P13: =O13+L13 -> 18 | R13: =L13 -> 12 | T13: 16 | U13: =C21 -> ANDRES BEDOYA | V13: 0 | AD13: CAMPEON
B14: =B13+1 -> 6 | C14: GABRIEL ORTIZ | D14: LA OFICINA | E14: =4+2 -> 6 | F14: =4+3 -> 7 | G14: -3 | H14: =10+5+10+8+10+11+22 -> 76 | I14: =3+13+9+10+9+22+26 -> 92 | J14: =H14/I14 -> 0.82608696 | L14: 12 | M14: =L14*30% -> 3.6 | N14: =M14+L14 -> 15.6 | O14: =L14*50% -> 6 | P14: =O14+L14 -> 18 | R14: =L14 -> 12
B15: =B14+1 -> 7 | C15: JHON QUENGUAN | D15: LA OFICINA | E15: =4+2 -> 6 | F15: =4+2 -> 6 | G15: -3 | H15: =19+7+7+12 -> 45 | I15: =26+39+22+26 -> 113 | J15: =H15/I15 -> 0.39823009 | L15: 12 | M15: =L15*30% -> 3.6 | N15: =M15+L15 -> 15.6 | O15: =L15*50% -> 6 | P15: =O15+L15 -> 18 | R15: =L15 -> 12 | T15: 5 | U15: =C18 -> JUANCHO PAZMIÑO | V15: 0 | W15: =IF(V15>V16,U15,U16) -> JHON ACOSTA | X15: 0
B16: =B15+1 -> 8 | C16: JHON ACOSTA | D16: LA OFICINA | E16: =2+2 -> 4 | F16: =2+2 -> 4 | G16: -4 | H16: =11+16+16+6 -> 49 | I16: =26+26+17+19 -> 88 | J16: =H16/I16 -> 0.55681818 | L16: 12 | M16: =L16*30% -> 3.6 | N16: =M16+L16 -> 15.6 | O16: =L16*50% -> 6 | P16: =O16+L16 -> 18 | R16: =L16 -> 12 | T16: 12 | U16: =C16 -> JHON ACOSTA | V16: 2
B17: =B16+1 -> 9 | C17: MIGUEL BEDOYA | D17: ZONA 30 | E17: 4 | F17: =4+1 -> 5 | G17: -3 | H17: =18+13+12 -> 43 | I17: =26+39+30 -> 95 | J17: =H17/I17 -> 0.45263158 | L17: 6 | M17: =L17*30% -> 1.8 | N17: =M17+L17 -> 7.8 | O17: =L17*50% -> 3 | P17: =O17+L17 -> 9 | R17: =L17 -> 6
B18: =B17+1 -> 10 | C18: JUANCHO PAZMIÑO | D18: CLUB ROMA | E18: 4 | F18: 4 | G18: -3 | H18: =19+25+19+7 -> 70 | I18: =13+9+36+19 -> 77 | J18: =H18/I18 -> 0.90909091 | L18: 6 | M18: =L18*30% -> 1.8 | N18: =M18+L18 -> 7.8 | O18: =L18*50% -> 3 | P18: =O18+L18 -> 9 | R18: =L18 -> 6 | T18: 7 | U18: =C17 -> MIGUEL BEDOYA | V18: 0 | W18: =IF(V18>V19,U18,U19) -> JORGE HERNANDEZ | X18: 2 | Y18: =IF(X18>X21,W18,W21) -> JORGE HERNANDEZ | Z18: 0
B19: =B18+1 -> 11 | C19: ESTEBAN AYALA | D19: TEAM GUANCHA | E19: 4 | F19: 2 | G19: -2 | H19: =4+3+5+6 -> 18 | I19: =39+26 -> 65 | J19: =H19/I19 -> 0.27692308 | L19: 6 | M19: =L19*30% -> 1.8 | N19: =M19+L19 -> 7.8 | O19: =L19*50% -> 3 | P19: =O19+L19 -> 9 | R19: =L19 -> 6 | T19: 10 | U19: =C12 -> JORGE HERNANDEZ | V19: 2 | AC19: =IF(AB12>AB24,AA12,AA24) -> JORGE CUMBAL
B20: =B19+1 -> 12 | C20: LESTER LEON | D20: TEAM GUANCHA | E20: 2 | F20: =2+1 -> 3 | G20: -5 | H20: =20+20+18 -> 58 | I20: =39+35+38 -> 112 | J20: =H20/I20 -> 0.51785714 | L20: 6 | M20: =L20*30% -> 1.8 | N20: =M20+L20 -> 7.8 | O20: =L20*50% -> 3 | P20: =O20+L20 -> 9 | R20: =L20 -> 6
B21: =B20+1 -> 13 | C21: ANDRES BEDOYA | D21: CLUB ROMA | E21: 2 | F21: =2+1 -> 3 | G21: -5 | H21: =5+3+2+9+8+21 -> 48 | I21: =39+13+10+34 -> 96 | J21: =H21/I21 -> 0.5 | L21: 6 | M21: =L21*30% -> 1.8 | N21: =M21+L21 -> 7.8 | O21: =L21*50% -> 3 | P21: =O21+L21 -> 9 | R21: =L21 -> 6 | T21: 4 | U21: =C13 -> EDWIN LOPEZ | V21: 2 | W21: =IF(V21>V22,U21,U22) -> EDWIN LOPEZ | X21: 0
B22: =B21+1 -> 14 | C22: PABLO GETIAL | D22: LA OFICINA | E22: 2 | F22: 3 | G22: -5 | H22: =5+5+6+2+10+6 -> 34 | I22: =13+13+12+8+13+26 -> 85 | J22: =H22/I22 -> 0.4 | L22: 6 | M22: =L22*30% -> 1.8 | N22: =M22+L22 -> 7.8 | O22: =L22*50% -> 3 | P22: =O22+L22 -> 9 | R22: =L22 -> 6 | T22: 13 | U22: =C22 -> PABLO GETIAL | V22: 0
B23: =B22+1 -> 15 | C23: CRISTIAN SALAZAR | D23: TEAM GUANCHA | E23: 2 | F23: 2 | G23: -4 | H23: =15+5+10 -> 30 | I23: =26+26+20 -> 72 | J23: =H23/I23 -> 0.41666667 | L23: 6 | M23: =L23*30% -> 1.8 | N23: =M23+L23 -> 7.8 | O23: =L23*50% -> 3 | P23: =O23+L23 -> 9 | R23: =L23 -> 6
B24: =B23+1 -> 16 | C24: RAMIRO MAFLA | D24: CLUB ROMA | E24: 2 | F24: 2 | G24: -4 | H24: =9+10+3+5 -> 27 | I24: =25+16+26 -> 67 | J24: =H24/I24 -> 0.40298507 | L24: 6 | M24: =L24*30% -> 1.8 | N24: =M24+L24 -> 7.8 | O24: =L24*50% -> 3 | P24: =O24+L24 -> 9 | R24: =L24 -> 6 | T24: 2 | U24: =C11 -> EDGAR PAZMIÑO | V24: 2 | W24: =IF(V24>V25,U24,U25) -> EDGAR PAZMIÑO | X24: 2 | Y24: =IF(X24>X27,W24,W27) -> EDGAR PAZMIÑO | Z24: 0 | AA24: =IF(Z24>Z30,Y24,Y30) -> CRISTIAN GUANCHA | AB24: 0
B25: =B24+1 -> 17 | C25: ALEX BURBANO | D25: LA OFICINA | E25: 2 | F25: 3 | G25: -3 | H25: =15+16 -> 31 | I25: =39+39 -> 78 | J25: =H25/I25 -> 0.3974359 | L25: 4 | M25: =L25*30% -> 1.2 | N25: =M25+L25 -> 5.2 | O25: =L25*50% -> 2 | P25: =O25+L25 -> 6 | R25: =L25 -> 4 | T25: 15 | U25: =C20 -> LESTER LEON | V25: 0
B26: =B25+1 -> 18 | C26: JULIO REINA | D26: ZONA 30 | E26: 2 | F26: 2 | G26: -3 | H26: =3+8+7+2+4+3 -> 27 | I26: =39+39 -> 78 | J26: =H26/I26 -> 0.34615385 | L26: 4 | M26: =L26*30% -> 1.2 | N26: =M26+L26 -> 5.2 | O26: =L26*50% -> 2 | P26: =O26+L26 -> 6 | R26: =L26 -> 4
B27: 19 | C27: MAVERICK | D27: CLUB ROMA | E27: 0 | F27: 1 | G27: -4 | H27: =20+8+9 -> 37 | I27: =37+11+10 -> 58 | J27: =H27/I27 -> 0.63793103 | L27: 3 | M27: =L27*30% -> 0.9 | N27: =M27+L27 -> 3.9 | O27: =L27*50% -> 1.5 | P27: =O27+L27 -> 4.5 | R27: =L27 -> 3 | T27: 6 | U27: =C14 -> GABRIEL ORTIZ | V27: 2 | W27: =IF(V27>V28,U27,U28) -> GABRIEL ORTIZ | X27: 0
B28: 20 | C28: RICARDO VELA | D28: LA OFICINA | E28: 0 | F28: 1 | G28: -4 | H28: =5+10+8+3+1 -> 27 | I28: =9+10+9+13+12 -> 53 | J28: =H28/I28 -> 0.50943396 | L28: 3 | M28: =L28*30% -> 0.9 | N28: =M28+L28 -> 3.9 | O28: =L28*50% -> 1.5 | P28: =O28+L28 -> 4.5 | R28: =L28 -> 3 | T28: 11 | U28: =C24 -> RAMIRO MAFLA | V28: 0
B29: 21 | C29: JHON A. BETHANCOUR | D29: TEAM GUANCHA | E29: 0 | F29: 1 | G29: -4 | H29: =15+12 -> 27 | I29: =39+13+8 -> 60 | J29: =H29/I29 -> 0.45 | L29: 3 | M29: =L29*30% -> 0.9 | N29: =M29+L29 -> 3.9 | O29: =L29*50% -> 1.5 | P29: =O29+L29 -> 4.5 | R29: =L29 -> 3 | AC29: TEAM GUANCHA
B30: 22 | C30: DANIEL RODRIGUEZ | D30: LA OFICINA | E30: 0 | F30: 1 | G30: -4 | H30: 22 | I30: =37+26 -> 63 | J30: =H30/I30 -> 0.34920635 | L30: 3 | M30: =L30*30% -> 0.9 | N30: =M30+L30 -> 3.9 | O30: =L30*50% -> 1.5 | P30: =O30+L30 -> 4.5 | R30: =L30 -> 3 | T30: 8 | U30: =C15 -> JHON QUENGUAN | V30: 2 | W30: =IF(V30>V31,U30,U31) -> JHON QUENGUAN | X30: 0 | Y30: =IF(X30>X33,W30,W33) -> CRISTIAN GUANCHA | Z30: 2
B31: 23 | C31: IVAN GAMBOA | D31: CLUB ROMA | E31: 0 | F31: 1 | G31: -4 | H31: =3+5+3+5+5 -> 21 | I31: =26+26+13 -> 65 | J31: =H31/I31 -> 0.32307692 | L31: 3 | M31: =L31*30% -> 0.9 | N31: =M31+L31 -> 3.9 | O31: =L31*50% -> 1.5 | P31: =O31+L31 -> 4.5 | R31: =L31 -> 3 | T31: 9 | U31: =C19 -> ESTEBAN AYALA | V31: 0
B32: 24 | C32: EIVER GRIJALVA | D32: TEAM GUANCHA | E32: 0 | F32: 1 | G32: -4 | H32: =9+10 -> 19 | I32: =26+26 -> 52 | J32: =H32/I32 -> 0.36538462 | L32: 3 | M32: =L32*30% -> 0.9 | N32: =M32+L32 -> 3.9 | O32: =L32*50% -> 1.5 | P32: =O32+L32 -> 4.5 | R32: =L32 -> 3
B33: 25 | C33: ISRAEL SALVATIERRA | D33: TEAM GUANCHA | E33: 0 | F33: 1 | G33: -4 | H33: 17 | I33: =26+39 -> 65 | J33: =H33/I33 -> 0.26153846 | L33: 3 | M33: =L33*30% -> 0.9 | N33: =M33+L33 -> 3.9 | O33: =L33*50% -> 1.5 | P33: =O33+L33 -> 4.5 | R33: =L33 -> 3 | T33: 3 | U33: =C10 -> CRISTIAN GUANCHA | V33: 2 | W33: =IF(V33>V34,U33,U34) -> CRISTIAN GUANCHA | X33: 2
B34: 26 | C34: DARIO MANTILLA | D34: LA OFICINA | E34: 0 | F34: 1 | G34: -4 | H34: =5+10 -> 15 | I34: =26+39 -> 65 | J34: =H34/I34 -> 0.23076923 | L34: 3 | M34: =L34*30% -> 0.9 | N34: =M34+L34 -> 3.9 | O34: =L34*50% -> 1.5 | P34: =O34+L34 -> 4.5 | R34: =L34 -> 3 | T34: 14 | U34: =C23 -> CRISTIAN SALAZAR | V34: 0
B35: 27 | C35: OSCAR CEBALLOS | D35: ZONA 30 | E35: 0 | F35: 1 | G35: -4 | H35: =5+6+2 -> 13 | I35: 39 | J35: =H35/I35 -> 0.33333333 | L35: 3 | M35: =L35*30% -> 0.9 | N35: =M35+L35 -> 3.9 | O35: =L35*50% -> 1.5 | P35: =O35+L35 -> 4.5 | R35: =L35 -> 3

Sheet LLAVES
B1: NOMBRE Y APELLIDO | C1: CLUB O CIUDAD | D1: PUNTOS | E1: S.G. | F1: S.P | G1: CAR | H1: ENT | I1: PROMEDIO
A2: 1 | B2: JORGE CUMBAL | C2: TEAM GUANCHA | D2: 4 | E2: 4 | F2: 0 | G2: =20+20 -> 40 | H2: =6+7+11+11 -> 35 | I2: =G2/H2 -> 1.1428571 | N2: 16 | P2: 8 | R2: 4 | T2: 2
A3: =A2+1 -> 2 | B3: EDGAR PAZMIÑO | C3: CLUB ROMA | D3: 4 | E3: 4 | F3: 0 | G3: =16+19 -> 35 | H3: =39+9 -> 48 | I3: =G3/H3 -> 0.72916667 | N3: FINALISTAS | O3: PTS | P3: FINALISTAS | Q3: PTS | R3: FINALISTAS | S3: PTS | T3: FINALISTAS | U3: PTS
A4: =A3+1 -> 3 | B4: CRISTIAN GUANCHA | C4: TEAM GUANCHA | D4: 4 | E4: 4 | F4: 0 | G4: =6+10+9+8 -> 33 | H4: =26+13+10 -> 49 | I4: =G4/H4 -> 0.67346939 | M4: 1 | N4: =B2 -> JORGE CUMBAL | O4: 2 | P4: =IF(O4>O5,N4,N5) -> JORGE CUMBAL | Q4: 2 | R4: =IF(Q4>Q7,P4,P7) -> JORGE CUMBAL | S4: 2 | T4: =IF(S4>S10,R4,R10) -> JORGE CUMBAL | U4: 2 | W4: CAMPEON
A5: =A4+1 -> 4 | B5: EDWIN LOPEZ | C5: TEAM GUANCHA | D5: 4 | E5: 4 | F5: 0 | G5: =13+13 -> 26 | H5: =26+26 -> 52 | I5: =G5/H5 -> 0.5 | M5: 16 | N5: =B17 -> ANDRES BEDOYA | O5: 0
A6: =A5+1 -> 5 | B6: JUANCHO PAZMIÑO | C6: CLUB ROMA | D6: 4 | E6: 4 | F6: -1 | G6: =19+25+19 -> 63 | H6: =13+9+36 -> 58 | I6: =G6/H6 -> 1.0862069
A7: =A6+1 -> 6 | B7: GABRIEL ORTIZ | C7: LA OFICINA | D7: 4 | E7: 4 | F7: -1 | G7: =10+5+10+8+10 -> 43 | H7: =3+13+9+10+9 -> 44 | I7: =G7/H7 -> 0.97727273 | M7: 5 | N7: =B6 -> JUANCHO PAZMIÑO | O7: 0 | P7: =IF(O7>O8,N7,N8) -> JHON ACOSTA | Q7: 0
A8: =A7+1 -> 7 | B8: MIGUEL BEDOYA | C8: ZONA 30 | D8: 4 | E8: 4 | F8: -1 | G8: =18+13 -> 31 | H8: =26+39 -> 65 | I8: =G8/H8 -> 0.47692308 | M8: 12 | N8: =B13 -> JHON ACOSTA | O8: 2
A9: =A8+1 -> 8 | B9: JHON QUENGUAN | C9: LA OFICINA | D9: 4 | E9: 4 | F9: -1 | G9: =19+7 -> 26 | H9: =26+39 -> 65 | I9: =G9/H9 -> 0.4
A10: =A9+1 -> 9 | B10: ESTEBAN AYALA | C10: TEAM GUANCHA | D10: 4 | E10: 2 | F10: -1 | G10: =4+3+5 -> 12 | H10: 39 | I10: =G10/H10 -> 0.30769231 | M10: 7 | N10: =B8 -> MIGUEL BEDOYA | O10: 0 | P10: =IF(O10>O11,N10,N11) -> JORGE HERNANDEZ | Q10: 2 | R10: =IF(Q10>Q13,P10,P13) -> JORGE HERNANDEZ | S10: 0
A11: =A10+1 -> 10 | B11: JORGE HERNANDEZ | C11: CLUB ROMA | D11: 2 | E11: 3 | F11: -2 | G11: =4+27 -> 31 | H11: =38+12 -> 50 | I11: =G11/H11 -> 0.62 | M11: 10 | N11: =B11 -> JORGE HERNANDEZ | O11: 2 | V11: =IF(U4>U16,T4,T16) -> JORGE CUMBAL
A12: =A11+1 -> 11 | B12: RAMIRO MAFLA | C12: CLUB ROMA | D12: 2 | E12: 2 | F12: -2 | G12: =9+10+3 -> 22 | H12: =25+16 -> 41 | I12: =G12/H12 -> 0.53658537
A13: =A12+1 -> 12 | B13: JHON ACOSTA | C13: LA OFICINA | D13: 2 | E13: 2 | F13: -2 | G13: =11+16 -> 27 | H13: =26+26 -> 52 | I13: =G13/H13 -> 0.51923077 | M13: 4 | N13: =B5 -> EDWIN LOPEZ | O13: 2 | P13: =IF(O13>O14,N13,N14) -> EDWIN LOPEZ | Q13: 0
A14: =A13+1 -> 13 | B14: PABLO GETIAL | C14: LA OFICINA | D14: 2 | E14: 3 | F14: -2 | G14: =5+5+6+2+10 -> 28 | H14: =13+13+12+8+13 -> 59 | I14: =G14/H14 -> 0.47457627 | M14: 13 | N14: =B14 -> PABLO GETIAL | O14: 0
A15: =A14+1 -> 14 | B15: CRISTIAN SALAZAR | C15: TEAM GUANCHA | D15: 2 | E15: 2 | F15: -2 | G15: =15+5 -> 20 | H15: =26+26 -> 52 | I15: =G15/H15 -> 0.38461538
A16: =A15+1 -> 15 | B16: LESTER LEON | C16: TEAM GUANCHA | D16: 2 | E16: 2 | F16: -3 | G16: =20+20 -> 40 | H16: =39+35 -> 74 | I16: =G16/H16 -> 0.54054054 | M16: 2 | N16: =B3 -> EDGAR PAZMIÑO | O16: 2 | P16: =IF(O16>O17,N16,N17) -> EDGAR PAZMIÑO | Q16: 2 | R16: =IF(Q16>Q19,P16,P19) -> EDGAR PAZMIÑO | S16: 0 | T16: =IF(S16>S22,R16,R22) -> CRISTIAN GUANCHA | U16: 0
A17: =A16+1 -> 16 | B17: ANDRES BEDOYA | C17: CLUB ROMA | D17: 2 | E17: 2 | F17: -3 | G17: =5+3+2+9+8 -> 27 | H17: =39+13+10 -> 62 | I17: =G17/H17 -> 0.43548387 | M17: 15 | N17: =B16 -> LESTER LEON | O17: 0
A18: =A17+1 -> 17 | B18: ALEX BURBANO | C18: LA OFICINA | D18: 2 | E18: 3 | F18: -3 | G18: =15+16 -> 31 | H18: =39+39 -> 78 | I18: =G18/H18 -> 0.3974359
A19: =A18+1 -> 18 | B19: JULIO REINA | C19: ZONA 30 | D19: 2 | E19: 2 | F19: -3 | G19: =3+8+7+2+4+3 -> 27 | H19: =39+39 -> 78 | I19: =G19/H19 -> 0.34615385 | M19: 6 | N19: =B7 -> GABRIEL ORTIZ | O19: 2 | P19: =IF(O19>O20,N19,N20) -> GABRIEL ORTIZ | Q19: 0
M20: 11 | N20: =B12 -> RAMIRO MAFLA | O20: 0
V21: TEAM GUANCHA
M22: 8 | N22: =B9 -> JHON QUENGUAN | O22: 2 | P22: =IF(O22>O23,N22,N23) -> JHON QUENGUAN | Q22: 0 | R22: =IF(Q22>Q25,P22,P25) -> CRISTIAN GUANCHA | S22: 2
M23: 9 | N23: =B10 -> ESTEBAN AYALA | O23: 0
M25: 3 | N25: =B4 -> CRISTIAN GUANCHA | O25: 2 | P25: =IF(O25>O26,N25,N26) -> CRISTIAN GUANCHA | Q25: 2
M26: 14 | N26: =B15 -> CRISTIAN SALAZAR | O26: 0

Sheet CLASIFICATORIO
B4: NOMBRE Y APELLIDO | C4: CLUB O CIUDAD | D4: PUNTOS | E4: S.G. | F4: S.P | G4: CAR | H4: ENT | I4: PROMEDIO | K4: NOMBRE Y APELLIDO | L4: CLUB O CIUDAD | M4: PUNTOS | N4: S.G. | O4: S.P | P4: CAR | Q4: ENT | R4: PROMEDIO | T4: NOMBRE Y APELLIDO | U4: CLUB O CIUDAD | V4: PUNTOS | W4: S.G. | X4: S.P | Y4: CAR | Z4: ENT | AA4: PROMEDIO
A5: 1 | B5: GABRIEL ORTIZ | C5: LA OFICINA | D5: 4 | E5: 4 | F5: 0 | G5: =19+15 -> 34 | H5: =20+26 -> 46 | I5: =G5/H5 -> 0.73913043 | K5: MAVERICK | L5: CLUB ROMA | M5: 2 | N5: 3 | O5: -2 | P5: =9+25 -> 34 | Q5: =20+39 -> 59 | R5: =P5/Q5 -> 0.57627119
A6: =A5+1 -> 2 | B6: JUANCHO PAZMIÑO | C6: CLUB ROMA | D6: 4 | E6: 4 | F6: 0 | G6: =13+19 -> 32 | H6: =26+18 -> 44 | I6: =G6/H6 -> 0.72727273 | K6: LESTER LEON | L6: TEAM GUANCHA | M6: 2 | N6: 3 | O6: -2 | P6: 29 | Q6: 55 | R6: 0.52727273
A7: =A6+1 -> 3 | B7: JORGE CUMBAL | C7: TEAM GUANCHA | D7: 4 | E7: 4 | F7: -1 | G7: =15+22 -> 37 | H7: =21+22 -> 43 | I7: =G7/H7 -> 0.86046512 | K7: PABLO GETIAL | L7: LA OFICINA | M7: 2 | N7: 3 | O7: -2 | P7: =14+15 -> 29 | Q7: =39+26 -> 65 | R7: =P7/Q7 -> 0.44615385
A8: =A7+1 -> 4 | B8: CRISTIAN SALAZAR | C8: TEAM GUANCHA | D8: 4 | E8: 4 | F8: -1 | G8: =11+25 -> 36 | H8: =28+30 -> 58 | I8: =G8/H8 -> 0.62068966 | K8: MILSON REALPE | L8: LA OFICINA | M8: 2 | N8: 3 | O8: -3 | P8: =16+19 -> 35 | Q8: =42+36 -> 78 | R8: =P8/Q8 -> 0.44871795
A9: =A8+1 -> 5 | B9: CRISTIAN GUANCHA | C9: TEAM GUANCHA | D9: 4 | E9: 4 | F9: -1 | G9: =20+18 -> 38 | H9: =39+26 -> 65 | I9: =G9/H9 -> 0.58461538 | K9: EIVER GRIJALVA | L9: TEAM GUANCHA | M9: 2 | N9: 2 | O9: -2 | P9: =23+12 -> 35 | Q9: =34+26 -> 60 | R9: =P9/Q9 -> 0.58333333
A10: =A9+1 -> 6 | B10: EDGAR PAZMIÑO | C10: CLUB ROMA | D10: 4 | E10: 4 | F10: -1 | G10: =12+19 -> 31 | H10: =36+26 -> 62 | I10: =G10/H10 -> 0.5 | K10: ALEX BURBANO | L10: LA OFICINA | M10: 2 | N10: 2 | O10: -2 | P10: =15+12 -> 27 | Q10: =25+26 -> 51 | R10: =P10/Q10 -> 0.52941176
A11: =A10+1 -> 7 | B11: EDWIN LOPEZ | C11: TEAM GUANCHA | D11: 4 | E11: 4 | F11: -1 | G11: =7+18 -> 25 | H11: =39+25 -> 64 | I11: =G11/H11 -> 0.390625 | K11: HAROLD QUEVEDO | L11: LA OFICINA | M11: 2 | N11: 2 | O11: -3 | P11: =15+7 -> 22 | Q11: =39+26 -> 65 | R11: =P11/Q11 -> 0.33846154
A12: =A11+1 -> 8 | B12: JORGE HERNANDEZ | C12: CLUB ROMA | D12: 4 | E12: 2 | F12: 0 | G12: 16 | H12: 25 | I12: =G12/H12 -> 0.64
A13: =A12+1 -> 9
A14: =#REF!+1 -> #REF!
A15: =A14+1 -> #REF!
A16: =A15+1 -> #REF!
A17: =A16+1 -> #REF!
A18: =A17+1 -> #REF!
A19: =A18+1 -> #REF!
A20: =A19+1 -> #REF!

Sheet FACE DE GRUPOS
Y2: 2 | AB2: TORNEO MUNICIPAL DE BILLAR A 3 BANDAS
Y6: CLACIFICATORIO AL TORNEO INTERNACIONAL FERIA DE LAS FLORES EN MEDELLIN DEL 03 AL 09 DE AGOSTO 2025
C8: 2da. RONDA DE 3 // FACE DE GRUPOS | W8: ='L. GENERAL'!R1 -> 45850
C10: GRUPO 1 | Q10: GRUPO 2 | AE10: GRUPO 3
C11: ='L. GENERAL'!R1 -> 45850 | K11: Hora: | Q11: =C11 -> 45850 | Y11: Hora: | AE11: =C11 -> 45850 | AM11: Hora:
C12: DEPORTISTA | N12: DELEGACION | Q12: DEPORTISTA | AB12: DELEGACION | AE12: DEPORTISTA | AP12: DELEGACION
B13: 1° | C13: ='L. GENERAL'!M3 -> CRISTIAN GUANCHA | N13: ='L. GENERAL'!N3 -> TEAM GUANCHA | P13: 1° | Q13: ='L. GENERAL'!R3 -> CUPO RELAMPAGO | AB13: ='L. GENERAL'!S3 -> TEAM GUANCHA | AD13: 1° | AE13: ='L. GENERAL'!M7 -> PABLO GETIAL | AP13: ='L. GENERAL'!N7 -> LA OFICINA
B14: 2° | C14: ='L. GENERAL'!M4 -> JHON ACOSTA | N14: ='L. GENERAL'!N4 -> OFICINA | P14: 2° | Q14: ='L. GENERAL'!R4 -> JHON QUENGUAN | AB14: ='L. GENERAL'!S4 -> ZONA 30 | AD14: 2° | AE14: ='L. GENERAL'!M8 -> DARIO MANTILLA | AP14: ='L. GENERAL'!N8 -> ROMA
B15: 3° | C15: ='L. GENERAL'!M5 -> MAVERICK | N15: ='L. GENERAL'!N5 -> TEAM GUANCHA | P15: 3° | Q15: ='L. GENERAL'!R5 -> JORGE CUMBAL | AB15: ='L. GENERAL'!S5 -> ZONA 30 | AD15: 3° | AE15: ='L. GENERAL'!M9 -> EDWIN LOPEZ | AP15: ='L. GENERAL'!S5 -> ZONA 30
B16: 4° | C16: ='L. GENERAL'!M6 -> ****** | N16: ='L. GENERAL'!N6 -> AA | P16: 4° | Q16: ='L. GENERAL'!R6 -> ****** | AB16: ='L. GENERAL'!S6 -> BB | AD16: 4° | AE16: ='L. GENERAL'!M10 -> ****** | AP16: ='L. GENERAL'!N10 -> CC
C18: GRUPO 4 | Q18: GRUPO 5 | AE18: GRUPO 6
C19: =C11 -> 45850 | K19: Hora: | Q19: =C11 -> 45850 | Y19: Hora: | AE19: =Q19 -> 45850 | AM19: Hora:
C20: DEPORTISTA | N20: DELEGACION | Q20: DEPORTISTA | AB20: DELEGACION | AE20: DEPORTISTA | AP20: DELEGACION
B21: 1° | C21: ='L. GENERAL'!R7 -> EDGAR PAZMIÑO | N21: ='L. GENERAL'!S7 -> ZONA 30 | P21: 1° | Q21: ='L. GENERAL'!M11 -> RAMIRO MAFLA | AB21: ='L. GENERAL'!N11 -> OFICINA | AD21: 1° | AE21: ='L. GENERAL'!R11 -> JHON A. BETHANCOUR | AP21: ='L. GENERAL'!S11 -> OFICINA
B22: 2° | C22: ='L. GENERAL'!R8 -> MILSON REALPE | N22: ='L. GENERAL'!S8 -> OFICINA | P22: 2° | Q22: ='L. GENERAL'!M12 -> JORGE HERNANDEZ | AB22: ='L. GENERAL'!S12 -> TEAM GUANCHA | AD22: 2° | AE22: ='L. GENERAL'!R12 -> CRISTIAN SALAZAR | AP22: ='L. GENERAL'!S12 -> TEAM GUANCHA
B23: 3° | C23: ='L. GENERAL'!R9 -> ESTEBAN AYALA | N23: ='L. GENERAL'!S9 -> OFICINA | P23: 3° | Q23: ='L. GENERAL'!M13 -> ALEX BURBANO | AB23: ='L. GENERAL'!S13 -> TEAM GUANCHA | AD23: 3° | AE23: ='L. GENERAL'!R13 -> LESTER LEON | AP23: ='L. GENERAL'!S13 -> TEAM GUANCHA
B24: 4° | C24: ='L. GENERAL'!R10 -> ****** | N24: ='L. GENERAL'!S10 -> DD | P24: 4° | Q24: ='L. GENERAL'!M14 -> ****** | AB24: ='L. GENERAL'!N14 -> EE | AD24: 4° | AE24: ='L. GENERAL'!R14 -> ****** | AP24: ='L. GENERAL'!S14 -> FF
C26: GRUPO 7 | Q26: GRUPO 8 | AE26: GRUPO 9
C27: =C11 -> 45850 | K27: Hora: | Q27: =C11 -> 45850 | Y27: Hora: | AE27: =C11 -> 45850 | AM27: Hora:
C28: DEPORTISTA | N28: DELEGACION | Q28: DEPORTISTA | AB28: DELEGACION | AE28: DEPORTISTA | AP28: DELEGACION
B29: 1° | C29: ='L. GENERAL'!M15 -> EIVER GRIJALVA | N29: ='L. GENERAL'!N15 -> OFICINA | P29: 1° | Q29: ='L. GENERAL'!R15 -> ANDRES BEDOYA | AB29: ='L. GENERAL'!S15 -> OFICINA | AD29: 1° | AE29: ='L. GENERAL'!M19 -> XXX | AP29: ='L. GENERAL'!N19 -> XXX
B30: 2° | C30: ='L. GENERAL'!M16 -> JUANCHO PAZMIÑO | N30: ='L. GENERAL'!N16 -> ROMA | P30: 2° | Q30: ='L. GENERAL'!R16 -> JULIO REINA | AB30: ='L. GENERAL'!S16 -> ROMA | AD30: 2° | AE30: ='L. GENERAL'!M20 -> XXX | AP30: ='L. GENERAL'!N20 -> XXX
B31: 3° | C31: ='L. GENERAL'!M17 -> RICARDO VELA | N31: ='L. GENERAL'!N17 -> OFICINA | P31: 3° | Q31: ='L. GENERAL'!R17 -> GABRIEL ORTIZ | AB31: ='L. GENERAL'!S17 -> OFICINA | AD31: 3° | AE31: ='L. GENERAL'!M21 -> XXX | AP31: ='L. GENERAL'!N21 -> XXX
B32: 4° | C32: ='L. GENERAL'!M18 -> ****** | N32: ='L. GENERAL'!N18 -> GG | P32: 4° | Q32: ='L. GENERAL'!R18 -> ****** | AB32: ='L. GENERAL'!S18 -> HH | AD32: 4° | AE32: ='L. GENERAL'!M22 -> ***** | AP32: ='L. GENERAL'!N22 -> II
C34: GRUPO 10 | Q34: GRUPO 11 | AE34: GRUPO 12
C35: =C11 -> 45850 | K35: Hora: | Q35: =C11 -> 45850 | Y35: Hora: | AE35: =C11 -> 45850 | AM35: Hora:
C36: DEPORTISTA | N36: DELEGACION | Q36: DEPORTISTA | AB36: DELEGACION | AE36: DEPORTISTA | AP36: DELEGACION
B37: 1° | C37: ='L. GENERAL'!R19 -> 28 | N37: ='L. GENERAL'!S19 -> A | P37: 1° | Q37: ='L. GENERAL'!M23 -> 31 | AB37: ='L. GENERAL'!N23 -> A | AD37: 1° | AE37: ='L. GENERAL'!R23 -> 34 | AP37: ='L. GENERAL'!S23 -> A
B38: 2° | C38: ='L. GENERAL'!R20 -> 29 | N38: ='L. GENERAL'!S20 -> B | P38: 2° | Q38: ='L. GENERAL'!M24 -> 32 | AB38: ='L. GENERAL'!N24 -> B | AD38: 2° | AE38: ='L. GENERAL'!R24 -> 35 | AP38: ='L. GENERAL'!S24 -> B
B39: 3° | C39: ='L. GENERAL'!R21 -> 30 | N39: ='L. GENERAL'!S21 -> C | P39: 3° | Q39: ='L. GENERAL'!M25 -> 33 | AB39: ='L. GENERAL'!N25 -> C | AD39: 3° | AE39: ='L. GENERAL'!R25 -> 36 | AP39: ='L. GENERAL'!S25 -> C
B40: 4° | C40: ='L. GENERAL'!R22 -> ****** | N40: ='L. GENERAL'!S22 -> JJ | P40: 4° | Q40: ='L. GENERAL'!M26 -> ****** | AB40: ='L. GENERAL'!N26 -> KK | AD40: 4° | AE40: ='L. GENERAL'!R26 -> ****** | AP40: ='L. GENERAL'!S26 -> LL
C42: GRUPO 13 | Q42: GRUPO 14
C43: =C11 -> 45850 | K43: Hora: | Q43: =C11 -> 45850 | Y43: Hora:
C44: DEPORTISTA | N44: DELEGACION | Q44: DEPORTISTA | AB44: DELEGACION
B45: 1° | C45: ='L. GENERAL'!M27 -> 37 | N45: ='L. GENERAL'!N27 -> A | P45: 1° | Q45: ='L. GENERAL'!R27 -> 40 | AB45: ='L. GENERAL'!S27 -> A
B46: 2° | C46: ='L. GENERAL'!M28 -> 38 | N46: ='L. GENERAL'!N28 -> B | P46: 2° | Q46: ='L. GENERAL'!R28 -> 41 | AB46: ='L. GENERAL'!S28 -> B
B47: 3° | C47: ='L. GENERAL'!M29 -> 39 | N47: ='L. GENERAL'!S25 -> C | P47: 3° | Q47: ='L. GENERAL'!R29 -> 42 | AB47: ='L. GENERAL'!S29 -> C
B48: 4° | C48: ='L. GENERAL'!M30 -> ****** | N48: ='L. GENERAL'!N30 -> MM | P48: 4° | Q48: ='L. GENERAL'!R30 -> ****** | AB48: ='L. GENERAL'!S30 -> NN

Sheet L. GENERAL
B1: NOMBRE Y APELLIDO | C1: CLUB O CIUDAD | D1: PUNTOS | E1: S.G. | F1: S.P | G1: CAR | H1: ENT | I1: PROMEDIO | K1: SORTEO DE JUGADORES | R1: 45850
A2: 1 | B2: ALEX BURBANO | C2: LA OFICINA | D2: 2 | E2: 2 | F2: -2 | G2: =15+12 -> 27 | H2: =25+26 -> 51 | I2: =G2/H2 -> 0.52941176 | L2: N° | M2: JUGADOR | N2: HCAT | Q2: N° | R2: JUGADOR | S2: HCAT
A3: =A2+1 -> 2 | B3: ANDRES BEDOYA | C3: CLUB ROMA | G3: 0 | H3: 0 | I3: =G3/H3 -> #DIV/0! | K3: G | L3: 1 | M3: =B4 -> CRISTIAN GUANCHA | N3: TEAM GUANCHA | P3: G | Q3: 1 | R3: =B6 -> CUPO RELAMPAGO | S3: TEAM GUANCHA
A4: =A3+1 -> 3 | B4: CRISTIAN GUANCHA | C4: TEAM GUANCHA | D4: 4 | E4: 4 | F4: -1 | G4: =20+18 -> 38 | H4: =39+26 -> 65 | I4: =G4/H4 -> 0.58461538 | L4: 2 | M4: =B14 -> JHON ACOSTA | N4: OFICINA | Q4: 2 | R4: =B15 -> JHON QUENGUAN | S4: ZONA 30
A5: =A4+1 -> 4 | B5: CRISTIAN SALAZAR | C5: TEAM GUANCHA | D5: 4 | E5: 4 | F5: -1 | G5: =11+25 -> 36 | H5: =28+30 -> 58 | I5: =G5/H5 -> 0.62068966 | K5: 1 | L5: 3 | M5: =B21 -> MAVERICK | N5: TEAM GUANCHA | P5: 2 | Q5: 3 | R5: =B16 -> JORGE CUMBAL | S5: ZONA 30
A6: =A5+1 -> 5 | B6: CUPO RELAMPAGO | C6: LA OFICINA | G6: 0 | H6: 0 | I6: =G6/H6 -> #DIV/0! | L6: 4 | M6: ****** | N6: AA | Q6: 4 | R6: ****** | S6: BB
A7: =A6+1 -> 6 | B7: DARIO MANTILLA | C7: LA OFICINA | D7: 0 | E7: 0 | F7: -4 | G7: =6+8 -> 14 | H7: =25+26 -> 51 | I7: =G7/H7 -> 0.2745098 | K7: G | L7: 1 | M7: =B23 -> PABLO GETIAL | N7: LA OFICINA | P7: G | Q7: 1 | R7: =B8 -> EDGAR PAZMIÑO | S7: ZONA 30
A8: =A7+1 -> 7 | B8: EDGAR PAZMIÑO | C8: CLUB ROMA | D8: 4 | E8: 4 | F8: 1 | G8: =12+19 -> 31 | H8: =36+26 -> 62 | I8: =G8/H8 -> 0.5 | L8: 2 | M8: =B7 -> DARIO MANTILLA | N8: ROMA | Q8: 2 | R8: =B22 -> MILSON REALPE | S8: OFICINA
A9: =A8+1 -> 8 | B9: EDWIN LOPEZ | C9: TEAM GUANCHA | D9: 4 | E9: 4 | F9: -1 | G9: =7+18 -> 25 | H9: =39+25 -> 64 | I9: =G9/H9 -> 0.390625 | K9: 3 | L9: 3 | M9: =B9 -> EDWIN LOPEZ | N9: TEAM GUANCHA | P9: 4 | Q9: 3 | R9: =B11 -> ESTEBAN AYALA | S9: OFICINA
A10: =A9+1 -> 9 | B10: EIVER GRIJALVA | C10: TEAM GUANCHA | D10: 2 | E10: 2 | F10: -2 | G10: =23+12 -> 35 | H10: =34+26 -> 60 | I10: =G10/H10 -> 0.58333333 | L10: 4 | M10: ****** | N10: CC | Q10: 4 | R10: ****** | S10: DD
A11: =A10+1 -> 10 | B11: ESTEBAN AYALA | C11: TEAM GUANCHA | E11: 1 | F11: -4 | G11: =10+14 -> 24 | H11: =42+26 -> 68 | I11: =G11/H11 -> 0.35294118 | K11: G | L11: 1 | M11: =B24 -> RAMIRO MAFLA | N11: OFICINA | P11: G | Q11: 1 | R11: =B13 -> JHON A. BETHANCOUR | S11: OFICINA
A12: =A11+1 -> 11 | B12: GABRIEL ORTIZ | C12: LA OFICINA | D12: 4 | E12: 4 | G12: =19+15 -> 34 | H12: =20+26 -> 46 | I12: =G12/H12 -> 0.73913043 | L12: 2 | M12: =B17 -> JORGE HERNANDEZ | N12: TEAM GUANCHA | Q12: 2 | R12: =B5 -> CRISTIAN SALAZAR | S12: TEAM GUANCHA
A13: =A12+1 -> 12 | B13: JHON A. BETHANCOUR | C13: TEAM GUANCHA | D13: 0 | E13: 0 | F13: -4 | G13: =8+14 -> 22 | H13: =25+28 -> 53 | I13: =G13/H13 -> 0.41509434 | K13: 5 | L13: 3 | M13: =B2 -> ALEX BURBANO | N13: TEAM GUANCHA | P13: 6 | Q13: 3 | R13: =B20 -> LESTER LEON | S13: TEAM GUANCHA
A14: =A13+1 -> 13 | B14: JHON ACOSTA | C14: LA OFICINA | D14: 0 | E14: 0 | F14: -4 | G14: =9+4 -> 13 | H14: =20+26 -> 46 | I14: =G14/H14 -> 0.2826087 | L14: 4 | M14: ****** | N14: EE | Q14: 4 | R14: ****** | S14: FF
A15: =A14+1 -> 14 | B15: JHON QUENGUAN | C15: LA OFICINA | G15: 0 | H15: 0 | I15: =G15/H15 -> #DIV/0! | K15: G | L15: 1 | M15: =B10 -> EIVER GRIJALVA | N15: OFICINA | P15: G | Q15: 1 | R15: =B3 -> ANDRES BEDOYA | S15: OFICINA
A16: =A15+1 -> 15 | B16: JORGE CUMBAL | C16: TEAM GUANCHA | D16: 4 | E16: 4 | F16: -1 | G16: =15+22 -> 37 | H16: =21+22 -> 43 | I16: =G16/H16 -> 0.86046512 | L16: 2 | M16: =B18 -> JUANCHO PAZMIÑO | N16: ROMA | Q16: 2 | R16: =B19 -> JULIO REINA | S16: ROMA
A17: =A16+1 -> 16 | B17: JORGE HERNANDEZ | C17: CLUB ROMA | D17: 4 | E17: 2 | G17: 16 | H17: 25 | I17: =G17/H17 -> 0.64 | K17: 7 | L17: 3 | M17: =B25 -> RICARDO VELA | N17: OFICINA | P17: 8 | Q17: 3 | R17: =B12 -> GABRIEL ORTIZ | S17: OFICINA
A18: =A17+1 -> 17 | B18: JUANCHO PAZMIÑO | C18: CLUB ROMA | D18: 4 | E18: 4 | G18: =13+19 -> 32 | H18: =26+18 -> 44 | I18: =G18/H18 -> 0.72727273 | L18: 4 | M18: ****** | N18: GG | Q18: 4 | R18: ****** | S18: HH
A19: =A18+1 -> 18 | B19: JULIO REINA | C19: ZONA 30 | D19: 0 | E19: 1 | F19: -4 | G19: =4+7 -> 11 | H19: =19+39 -> 58 | I19: =G19/H19 -> 0.18965517 | K19: G | L19: 1 | M19: XXX | N19: XXX | P19: G | Q19: 1 | R19: 28 | S19: A
A20: =A19+1 -> 19 | B20: LESTER LEON | C20: TEAM GUANCHA | D20: 2 | E20: 3 | F20: -2 | G20: 29 | H20: =29+26 -> 55 | I20: =G20/H20 -> 0.52727273 | L20: 2 | M20: XXX | N20: XXX | Q20: 2 | R20: 29 | S20: B
A21: =A20+1 -> 20 | B21: MAVERICK | C21: CLUB ROMA | D21: 2 | E21: 3 | F21: -2 | G21: =9+25 -> 34 | H21: =20+39 -> 59 | I21: =G21/H21 -> 0.57627119 | K21: 9 | L21: 3 | M21: XXX | N21: XXX | P21: 10 | Q21: 3 | R21: 30 | S21: C
A22: =A21+1 -> 21 | B22: MILSON REALPE | C22: LA OFICINA | D22: 2 | E22: 3 | F22: -3 | G22: =16+19 -> 35 | H22: =42+36 -> 78 | I22: =G22/H22 -> 0.44871795 | L22: 4 | M22: ***** | N22: II | Q22: 4 | R22: ****** | S22: JJ
A23: =A22+1 -> 22 | B23: PABLO GETIAL | C23: LA OFICINA | D23: 2 | E23: 3 | F23: -2 | G23: =14+15 -> 29 | H23: =39+26 -> 65 | I23: =G23/H23 -> 0.44615385 | K23: G | L23: 1 | M23: 31 | N23: A | P23: G | Q23: 1 | R23: 34 | S23: A
A24: =A23+1 -> 23 | B24: RAMIRO MAFLA | C24: CLUB ROMA | D24: 0 | E24: 0 | F24: -2 | G24: 8 | H24: 26 | I24: =G24/H24 -> 0.30769231 | L24: 2 | M24: 32 | N24: B | Q24: 2 | R24: 35 | S24: B
A25: =A24+1 -> 24 | B25: RICARDO VELA | C25: LA OFICINA | D25: 0 | E25: 1 | F25: -4 | G25: =17+10 -> 27 | H25: =18+34 -> 52 | I25: =G25/H25 -> 0.51923077 | K25: 11 | L25: 3 | M25: 33 | N25: C | P25: 12 | Q25: 3 | R25: 36 | S25: C
A26: =A25+1 -> 25 | B26: HAROLD QUEVEDO | C26: LA OFICINA | D26: 2 | E26: 2 | F26: -3 | G26: =15+7 -> 22 | H26: =39+26 -> 65 | I26: =G26/H26 -> 0.33846154 | L26: 4 | M26: ****** | N26: KK | Q26: 4 | R26: ****** | S26: LL
A27: =A26+1 -> 26 | G27: 0 | H27: 0 | I27: =G27/H27 -> #DIV/0! | K27: G | L27: 1 | M27: 37 | N27: A | P27: G | Q27: 1 | R27: 40 | S27: A
A28: =A27+1 -> 27 | G28: 0 | H28: 0 | I28: =G28/H28 -> #DIV/0! | L28: 2 | M28: 38 | N28: B | Q28: 2 | R28: 41 | S28: B
A29: =A28+1 -> 28 | G29: 0 | H29: 0 | I29: =G29/H29 -> #DIV/0! | K29: 13 | L29: 3 | M29: 39 | N29: C | P29: 14 | Q29: 3 | R29: 42 | S29: C
A30: =A29+1 -> 29 | G30: 0 | H30: 0 | I30: =G30/H30 -> #DIV/0! | L30: 4 | M30: ****** | N30: MM | Q30: 4 | R30: ****** | S30: NN
A31: =A30+1 -> 30 | G31: 0 | H31: 0 | I31: =G31/H31 -> #DIV/0!
A32: =A31+1 -> 31 | G32: 0 | H32: 0 | I32: =G32/H32 -> #DIV/0!

Sheet FILTRO JUGADORES
B2: NOMBRE Y APELLIDO | C2: CLUB O CIUDAD
A3: 1 | B3: ALEX BURBANO | C3: LA OFICINA
A4: 2 | B4: ANDRES BEDOYA | C4: CLUB ROMA
A5: 3 | B5: CRISTIAN GUANCHA | C5: TEAM GUANCHA
A6: 4 | B6: CRISTIAN SALAZAR | C6: TEAM GUANCHA
A7: 5 | B7: CUPO RELAMPAGO | C7: LA OFICINA
A8: 6 | B8: DARIO MANTILLA | C8: LA OFICINA
A9: 7 | B9: EDGAR PAZMIÑO | C9: CLUB ROMA
A10: 8 | B10: EDWIN LOPEZ | C10: TEAM GUANCHA
A11: 9 | B11: EIVER GRIJALVA | C11: TEAM GUANCHA
A12: 10 | B12: ESTEBAN AYALA | C12: TEAM GUANCHA
A13: 11 | B13: GABRIEL ORTIZ | C13: LA OFICINA
A14: 12 | B14: JHON A. BETHANCOUR | C14: TEAM GUANCHA
... A26: 24 | B26: RICARDO VELA | C26: LA OFICINA

Sheet PLANILLA X 3 SETS
A4: 2 | D4: TORNEO MUNICIPAL DE BILLAR A 3 BANDAS
A9: CLACIFICATORIO AL TORNEO INTERNACIONAL FERIA DE LAS FLORES EN MEDELLIN DEL 03 AL 09 DE AGOSTO 2025
B15: DEPORTISTA A : | P15: JUEZ :
B17: DEPORTISTA B :
B20: SET 1 | J20: SET 2 | R20: SET 3
B22: DEPORTISTA A | F22: DEPORTISTA B | J22: DEPORTISTA B | N22: DEPORTISTA A | R22: DEPORTISTA A | V22: DEPORTISTA B
B23: ENT | C23: CAR | D23: TOTAL | F23: ENT | G23: CAR | H23: TOTAL | J23: ENT | K23: CAR | L23: TOTAL | N23: ENT | O23: CAR | P23: TOTAL | R23: ENT | S23: CAR | T23: TOTAL | V23: ENT | W23: CAR | X23: TOTAL
B24: 1 | F24: 1 | J24: 1 | N24: 1 | R24: 1 | V24: 1
B25: 2 | F25: 2 | J25: 2 | N25: 2 | R25: 2 | V25: 2
B26: 3 | F26: 3 | J26: 3 | N26: 3 | R26: 3 | V26: 3
B27: 4 | F27: 4 | J27: 4 | N27: 4 | R27: 4 | V27: 4
B28: 5 | F28: 5 | J28: 5 | N28: 5 | R28: 5 | V28: 5
B29: 6 | F29: 6 | J29: 6 | N29: 6 | R29: 6 | V29: 6
B30: 7 | F30: 7 | J30: 7 | N30: 7 | R30: 7 | V30: 7
B31: 8 | F31: 8 | J31: 8 | N31: 8 | R31: 8 | V31: 8
B32: 9 | F32: 9 | J32: 9 | N32: 9 | R32: 9 | V32: 9
B33: 10 | F33: 10 | J33: 10 | N33: 10 | R33: 10 | V33: 10
B34: 11 | F34: 11 | J34: 11 | N34: 11 | R34: 11 | V34: 11
B35: 12 | F35: 12 | J35: 12 | N35: 12 | R35: 12 | V35: 12
B36: 13 | F36: 13 | J36: 13 | N36: 13 | R36: 13 | V36: 13
B37: 14 | C37: X | D37: X | F37: 14 | G37: X | H37: X | J37: 14 | K37: X | L37: X | N37: 14 | O37: X | P37: X | R37: 14 | S37: X | T37: X | V37: 14 | W37: X | X37: X
B38: 15 | C38: X | D38: X | F38: 15 | G38: X | H38: X | J38: 15 | K38: X | L38: X | N38: 15 | O38: X | P38: X | R38: 15 | S38: X | T38: X | V38: 15 | W38: X | X38: X
B40: GANADOR SET 1 | J40: GANADOR SET 2 | R40: GANADOR SET 3
F43: FIRMA DEL GANADOR DE PARTIDA
G50: NOMBRE DEL DEPORTISTA A | O50: NOMBRE DEL DEPORTISTA B
A53: A2da. RONDA DE 3 // FACE DE GRUPOS - 12/JULIO/2025
J58: RESUMEN
D63: NOMBRE DEL JUGADOR | I63: TOTAL CARAMBOLAS | N63: TOTAL ENTRADAS | S63: SET GANADOS
D64: DEPORTISTA A :
D68: DEPORTISTA B :
